card,422,301
player,369,282
error,364,306
function,360,282
suit,274,176
im,262,201
test,235,178
trump,223,157
cards,211,162
code,204,180
autograder,199,170
hand,197,147
functions,168,126
tests,159,127
spades,152,101
human,149,91
getting,147,134
know,144,130
simple,138,94
sure,133,121
file,133,115
pack,127,99
output,127,97
use,125,109
one,120,105
diamonds,116,98
also,114,107
players,113,97
line,110,82
public,109,86
run,107,97
get,106,92
correct,102,85
euchre,101,79
hearts,101,79
shuffle,100,71
help,99,97
make,99,92
first,97,82
two,97,75
play,95,69
hi,95,95
dont,94,85
wrong,93,89
class,93,74
issue,92,82
however,91,88
like,90,79
trying,88,84
since,86,82
using,84,72
tried,84,75
game,82,75
anyone,81,79
thank,80,80
says,80,73
need,77,70
upcard,77,59
playercpp,76,74
confused,76,75
round,75,59
clubs,74,53
fix,74,72
thanks,73,73
type,72,59
errors,72,63
supposed,72,60
ive,70,63
jack,70,45
pass,70,60
right,70,65
check,70,64
const,69,44
order,69,54
nine,68,44
led,67,43
doesnt,66,62
euchrecpp,65,62
project,64,57
string,64,42
cases,63,53
way,63,57
see,62,54
wondering,62,56
cardcpp,61,60
input,61,49
someone,60,60
private,59,51
terminal,59,55
constructor,59,51
return,59,40
still,58,57
work,58,56
cant,57,56
dealer,57,47
problem,56,51
sort,56,43
something,56,52
even,55,52
simpleplayer,55,48
rank,55,45
operator,54,50
vector,54,44
try,54,52
next,54,39
running,52,47
debugger,52,48
please,51,50
else,51,42
hello,50,50
really,50,48
left,49,40
want,49,44
mean,48,43
working,47,45
print,47,34
different,47,41
keep,46,46
case,45,38
false,45,39
name,44,39
find,43,41
member,43,33
understand,43,40
got,43,40
set,43,40
making,42,39
packin,42,36
go,42,39
time,42,38
spec,41,40
add,41,35
files,41,37
able,41,38
lowest,41,28
int,41,31
ten,41,26
debug,40,35
example,40,39
cannot,39,33
create,39,31
submit,39,36
call,38,31
figure,38,32
include,38,25
make_trump,38,34
bower,37,26
made,37,30
command,37,30
value,37,33
seems,36,35
message,36,32
take,35,33
look,35,33
means,35,32
classes,35,28
object,35,26
discard,35,31
ace,35,27
loop,35,30
derived,35,22
play_card,34,26
played,34,26
solution,34,24
think,34,32
anything,34,33
already,34,33
read,34,32
index,34,22
points,33,25
uniqname,33,33
second,33,31
new,33,29
every,33,31
write,33,32
variable,33,32
partner,32,32
card_less,32,29
euchre_test01,31,29
follow,31,23
say,31,28
change,31,29
us,31,28
last,31,29
king,31,25
arguments,31,28
add_and_discard,31,26
used,31,28
question,30,29
lines,30,25
reason,30,29
works,30,29
missing,30,28
implement,30,27
fran,29,16
packcpp,28,26
array,28,25
another,28,25
correctly,28,27
thought,28,28
given,28,25
appreciated,28,28
end,28,26
currently,28,27
humanplayer,28,27
virtual,27,19
possible,27,24
cout,27,20
deal,27,20
trick,27,24
attached,27,27
noshuffle,27,23
note,26,10
instead,26,26
everything,26,24
segmentation,26,21
euchreexe,26,26
following,26,25
program,25,25
compare,25,23
allowed,25,23
well,25,25
fine,25,25
passing,25,25
submitted,25,24
seem,25,25
put,25,23
c,25,19
assume,24,20
implemented,24,24
printing,24,19
long,24,22
might,24,23
appreciate,24,23
trouble,24,23
either,23,20
failing,23,23
passed,23,23
submission,23,20
start,23,21
give,23,23
euchre_test50in,23,20
team,23,14
compile,23,23
consider,22,21
driver,22,21
compiler,22,19
testing,22,22
fault,22,19
times,22,20
included,22,14
pointer,22,14
point,22,19
implementation,22,19
playing,21,19
reading,21,19
tricks,21,19
said,21,21
assert,21,18
resolved,21,21
three,21,19
color,21,18
didnt,20,16
may,20,18
main,20,19
looking,20,20
called,20,18
debugging,20,19
many,20,19
going,20,19
passes,20,19
causing,20,18
lead,20,18
bugs,20,16
access,20,17
true,20,17
arent,19,19
always,19,16
heart,19,18
xcode,19,19
edit,19,17
helper,19,14
implementing,19,19
within,19,16
part,19,18
number,19,18
believe,19,18
failed,19,18
adding,19,18
statement,19,19
orders,19,14
deck,19,18
whats,19,19
checked,19,16
argument,19,16
suits,19,19
issues,19,19
let,19,19
lead_card,19,18
match,19,10
exactly,19,19
diamond,18,16
without,18,17
reset,18,13
much,18,18
queen,18,15
address,18,18
saying,18,18
statements,18,17
vs,18,17
clubsjack,18,2
highest,18,15
rules,17,14
shouldnt,17,17
though,17,17
explain,17,17
undefined,17,16
specific,17,16
judea,17,11
piazza,17,16
greatly,17,17
delete,17,11
idea,17,17
declared,17,16
writing,17,17
equal,17,14
empty,17,13
diamondsking,17,1
considered,16,13
wont,16,14
back,16,14
whether,16,16
instance,16,16
stuck,16,15
yet,16,16
ran,16,15
ideas,16,16
finished,16,16
step,16,15
written,16,16
clubsten,16,2
understanding,16,16
bool,16,13
clubsnine,16,1
variables,15,14
less,15,14
creating,15,11
printed,15,13
giving,15,15
expected,15,15
according,15,14
answer,15,11
prints,15,14
launchjson,15,14
happening,15,15
nothing,15,15
returns,15,14
computer,15,14
remove,15,13
problems,15,13
beginning,15,13
vscode,15,15
difference,15,13
hands,15,14
ones,15,15
player_factory,15,14
initialize,15,13
clubsqueen,15,1
template,15,1
abstract,14,7
students,14,14
unsure,14,13
went,14,14
meant,14,13
ordered,14,12
screenshot,14,14
checking,14,13
assertion,14,12
memory,14,12
whenever,14,14
post,14,12
theres,14,13
h,14,11
hi ,14,14
returning,14,14
solve,14,13
comparing,14,11
win,14,10
found,14,14
bounds,14,13
adi,14,13
directly,14,14
barbara,14,11
positive,14,14
clubsace,14,1
diamondsqueen,14,1
diamondsnine,14,1
explanation,13,9
calling,13,12
original,13,12
default,13,12
student,13,12
things,13,13
wanted,13,12
plays,13,12
style,13,13
tell,13,13
created,13,10
takes,13,12
gives,13,13
looks,13,13
break,13,11
happens,13,12
unique,13,12
changed,13,12
argv,13,12
wonder,13,13
parameters,13,12
based,13,13
endl,13,9
shows,13,12
kunle,13,10
clubsking,13,1
diamondsjack,13,1
pack_input,13,9
specifically,12,12
tips,12,12
come,12,12
little,12,12
actually,12,11
today,12,12
march,12,10
wouldnt,12,11
checks,12,12
sanitizer,12,12
except,12,12
factory,12,12
istream,12,10
ub,12,12
specs,12,12
names,12,12
inside,12,11
pointers,12,11
parameter,12,12
etc,12,12
herb,12,10
bug,12,11
edsger,12,9
advance,12,12
bit,12,12
size,12,11
argc,12,9
saw,12,12
ivan,12,9
liskov,12,8
b,12,9
strategy,12,9
playerh,12,12
diamondsten,12,1
diamondsace,12,1
added,12,11
ranks,12,9
candidate,12,1
leading,11,10
p3,11,11
open,11,10
folder,11,8
incorrect,11,10
logic,11,11
completely,11,10
results,11,11
result,11,11
entire,11,11
nested,11,9
fails,11,11
euchre_test50,11,9
looked,11,11
posts,11,10
thing,11,10
gabriel,11,9
receiving,11,11
suggestions,11,11
caen,11,10
override,11,9
runs,11,10
fail,11,11
reference,11,11
similar,11,10
matter,11,10
x,11,8
setting,11,11
args,11,7
direction,11,11
situation,11,11
deadline,11,6
makes,11,11
scenario,11,11
void,11,11
referenced,11,3
from ,11,3
top,10,8
later,10,10
instructor,10,10
wrote,10,9
noticed,10,10
due,10,10
place,10,10
behavior,10,10
setup,10,9
locally,10,8
shuffled,10,7
add_card,10,10
types,10,9
necessary,10,10
shuffling,10,10
order_up_suit,10,9
weve,10,8
done,10,9
cardh,10,10
euchre7c34bbo ,10,1
enter,10,6
ignored,10,1
provided,9,9
account,9,9
q,9,2
never,9,9
move,9,8
staff,9,7
around,9,8
therefore,9,8
id,9,9
score,9,7
properly,9,9
submitting,9,8
image,9,9
ordering,9,6
matches,9,9
rest,9,9
copy,9,9
diff,9,9
extra,9,6
changes,9,9
hours,9,9
approach,9,9
you ,9,9
feedback,9,8
count,9,8
resolve,9,9
visual,9,9
isnt,9,9
dabbala,9,7
dealing,9,9
user,9,8
weird,9,9
initialized,9,6
extension,9,8
ag,9,9
far,9,9
format,9,9
face,9,8
declaration,9,7
follows,9,9
screw,9,8
get_name,9,9
occur,9,9
must,9,7
erase,9,9
player_testscpp,9,9
std__1char_traitschar,9,5
index_card,9,2
version,9,8
overloaded,9,9
track,9,6
stdistream,9,8
is_dealer,9,8
link,8,8
eecs,8,6
sorted,8,6
havent,8,8
none,8,8
coding,8,8
couple,8,8
questions,8,8
ask,8,8
cause,8,8
good,8,7
final,8,7
process,8,8
guidance,8,7
fixed,8,8
fixing,8,8
function ,8,8
show,8,8
told,8,7
removed,8,7
euchre_test00,8,8
wasnt,8,8
led_card,8,7
error ,8,8
data,8,8
uses,8,7
here ,8,4
lldb,8,7
dealt,8,7
cpp,8,8
reads,8,8
clarify,8,8
discarded,8,8
person,8,3
char,8,6
considering,8,7
trumps,8,6
coming,8,7
condition,8,8
positives,8,7
choose,8,7
changing,8,8
algorithm,8,8
constructors,8,8
total,8,7
somewhere,8,8
cin,8,6
declare,8,7
operatorstdistream,8,7
str,8,7
__x,8,1
decision,7,5
click,7,7
pick,7,6
implementations,7,6
especially,7,7
attempt,7,7
least,7,4
behind,7,7
day,7,7
submissions,7,5
taking,7,6
higher,7,7
causes,7,7
deep,7,5
realized,7,7
exc_bad_access,7,6
pic,7,5
header,7,7
comes,7,7
probably,7,7
title,7,7
whole,7,7
local,7,6
objects,7,7
exact,7,7
values,7,6
duplication,7,7
office,7,7
better,7,7
week,7,6
fully,7,6
packh,7,7
outputs,7,6
r,7,5
architecture,7,4
stream,7,6
past,7,7
compiling,7,7
exit,7,7
finding,7,7
test50,7,7
heres,7,7
redirection,7,5
otherwise,7,7
confusing,7,7
couldnt,7,7
lot,7,6
auto,7,7
grader,7,7
sense,7,6
deals,7,6
worked,7,7
regarding,7,7
thanks ,7,7
pretty,7,7
taken,7,7
vectorcard,7,5
assuming,7,7
led_suit,7,4
hints,7,7
stdarraycard,7,5
previously,7,7
anybody,7,7
dealers,7,6
gameplay,7,3
followed,7,7
error_print,7,1
string_to_rank,7,7
base,7,6
represent,7,6
rhs,7,7
j,6,3
lets,6,5
ensure,6,4
usually,6,6
exist,6,6
eg,6,6
defined,6,5
receive,6,6
sorting,6,6
everyone,6,5
midterm,6,5
lower,6,6
happened,6,6
turned,6,5
block,6,4
macbooks,6,2
guide,6,6
tested,6,6
codes,6,6
picture,6,6
seen,6,6
keeps,6,6
uniquename,6,6
source,6,6
gets,6,6
n,6,5
autograder ,6,6
do ,6,6
code ,6,6
abort,6,6
stops,6,5
bowers,6,5
starter,6,6
ifstream,6,5
test_pack_istream_ctor,6,6
posted,6,6
spaces,6,6
assertfalse,6,6
shown,6,6
loops,6,6
section,6,6
hey,6,6
studio,6,6
occurs,6,6
updated,6,6
issue ,6,5
launch,6,6
configuration,6,4
provide,6,6
std,6,5
great,6,6
successfully,6,6
received,6,6
actual,6,6
including,6,6
earlier,6,6
possibly,6,6
needs,6,6
advice,6,6
current,6,6
packshuffle,6,5
pack_size,6,6
convert,6,6
occurring,6,6
screen,6,4
wed,6,5
double,6,5
syntax,6,6
maybe,6,6
symbols,6,6
it ,6,6
chichih,6,6
happen,6,6
bob,6,6
integer,6,6
context,6,4
cast,6,6
adt,6,5
rather,6,6
separate,6,4
os,6,6
returned,6,6
cardnine,6,4
operators,6,6
overrider,6,2
lhs,6,5
helpful,5,5
slides,5,5
directory,5,5
along,5,5
feel,5,5
modify,5,5
determining,5,5
course,5,5
allocating,5,4
pure,5,3
instances,5,5
likely,5,4
assumption,5,5
whitespace,5,4
instructors,5,5
hello ,5,5
previous,5,5
discarding,5,5
limit,5,4
solved,5,5
valid,5,5
string_to_suit,5,5
leak,5,5
google,5,5
bad,5,5
throwing,5,5
stdout_of_range,5,5
rule,5,5
g,5,5
comment,5,5
update,5,5
mac,5,5
exception,5,5
besides,5,5
hand ,5,5
compiles,5,5
winning,5,4
additionally,5,5
monday,5,5
date,5,5
struggling,5,5
xinyaxu,5,5
unless,5,4
differences,5,5
showing,5,5
red,5,5
suite,5,3
eldest,5,3
initializing,5,5
enum,5,4
hoping,5,5
letting,5,5
certain,5,5
third,5,2
windows,5,4
checker,5,5
laptop,5,4
putting,5,5
iostream,5,5
player_tests,5,4
8pm,5,4
page,5,5
vectors,5,5
others,5,5
rme,5,5
euchre_test50out,5,3
needed,5,5
filename,5,4
reach,5,5
wants,5,5
submits,5,5
argv2,5,5
thats,5,5
inputs,5,5
essentially,5,5
continue,5,5
stdstring,5,5
store,5,5
boolean,5,5
forint,5,3
stored,5,5
clue,5,5
list,5,5
finish,5,5
basically,5,5
element,5,5
quite,5,5
strings,5,5
diamonds ,5,3
spades ,5,3
members,5,5
define,5,4
random,5,5
thread,5,5
clarification,5,5
playermake_trump,5,3
continue ,5,1
best,5,5
instructions,5,5
euchre_test01outcorrect,5,4
thinking,5,5
max_hand_size,5,5
pack_public_testcpp,5,4
ever,5,5
_tp,5,4
stubs,5,5
checkpoint,5,4
stdostream,5,5
card_public_testexe,5,5
__y,5,1
typeparameter01,5,3
instantiation,5,1
specialization,5,1
requested,5,1
ex,4,4
aka,4,3
scheme,4,4
executable,4,3
covered,4,4
generally,4,4
coded,4,4
youre,4,3
saturday,4,4
basic,4,4
smaller,4,4
seeing,4,4
messages,4,4
hard,4,4
anyway,4,4
mistake,4,4
days,4,4
extended,4,4
intended,4,3
whatever,4,4
twice,4,4
ends,4,4
keeping,4,4
nesting,4,4
telling,4,4
stdc11,4,4
euchre_test00outcorrect,4,4
failure,4,4
ide,4,4
accessing,4,4
edge,4,4
potential,4,3
3rd,4,3
stop,4,4
wall,4,4
curious,4,4
reuse,4,3
referring,4,4
breakpoint,4,4
crashes,4,4
sorthandbegin,4,3
stating,4,4
took,4,4
particular,4,4
proceed,4,4
terminating,4,4
uncaught,4,4
perfectly,4,4
opening,4,4
asked,4,4
matching,4,4
tomorrow,4,4
test01,4,4
goes,4,4
stepping,4,4
via,4,4
guys,4,4
friend,4,4
turn,4,4
ill,4,4
scope,4,3
turns,4,4
partners,4,4
gdb,4,4
stdio,4,3
tutorial,4,4
shuffles,4,4
confirm,4,4
starts,4,4
ignore,4,3
edsgar,4,3
clearly,4,4
modified,4,4
available,4,4
allow,4,4
fact,4,4
several,4,4
ia,4,4
inputted,4,4
morning,4,4
solutions,4,4
wikipedia,4,4
arrays,4,4
circle,4,4
load,4,4
screenshots,4,4
file ,4,4
online,4,4
easy,4,4
argv1,4,4
usage,4,4
details,4,3
this ,4,4
option,4,4
adjust_handplay_card,4,1
json,4,4
entering,4,2
structure,4,3
gave,4,4
purpose,4,3
insight,4,4
duplicate,4,4
single,4,4
method,4,3
euchred,4,4
know ,4,4
okay,4,4
up_card,4,4
yesterday,4,4
exposed,4,3
operatorstd__1basic_ostreamchar,4,3
linker,4,4
super,4,4
p,4,2
clear,4,4
bus,4,1
removing,4,4
five,4,4
tempcard,4,1
card ,4,4
tempcardget_suit,4,1
handindex ,4,1
leads,4,4
attempting,4,4
tie,4,4
bunch,4,4
bottom,4,4
leaderlead_cardtrump,4,1
simpleplayeradd_and_discard,4,4
ie,4,4
oss1,4,2
sdiff,4,3
catch,4,4
various,4,4
ok,4,4
kind,4,4
stdarray_tp,4,1
credit,4,3
failin,4,1
assert_equalfirst_card,4,1
pointing,4,3
disabled,4,4
subclass,4,4
simpleplayername,4,4
name_,4,3
string_to_suitdecision ,4,2
complex,4,2
_t2,4,1
hint,4,4
16 pure,4,1
newly,4,3
effects,4,3
suppose,3,3
drive,3,3
contains,3,3
interface,3,2
buggy,3,3
cheat,3,3
required,3,3
4th,3,3
request,3,3
heard,3,3
mistakes,3,3
space,3,3
tells,3,3
released,3,3
attempts,3,3
compilation,3,3
oclint,3,3
depth,3,2
exceeds,3,2
worried,3,3
website,3,3
newline,3,2
confusion,3,3
helps,3,3
information,3,3
2nd,3,3
terminate,3,3
target,3,3
pack ,3,3
werror,3,3
pedantic,3,3
wnosigncompare,3,3
wnocomment,3,3
handend,3,3
potentially,3,3
kinds,3,3
deleting,3,3
libcabi,3,3
sometimes,3,3
totally,3,3
rid,3,3
std__1vectorplayer,3,3
hour,3,3
helped,3,3
marked,3,2
play_cardconst,3,3
card_public_testcpp,3,3
compared,3,3
doc,3,3
corresponding,3,3
oh,3,3
null,3,3
cppdbg,3,3
get_suit,3,3
mine,3,3
status,3,3
means ,3,3
friday,3,2
common,3,3
property,3,1
useful,3,3
me ,3,3
difficult,3,3
appreciated ,3,3
transfer,3,3
range,3,3
environment,3,2
library,3,3
output ,3,3
towards,3,3
recognized,3,3
dco,3,3
system,3,3
spring,3,3
onto,3,3
discussed,3,3
shouldve,3,1
worth,3,2
ongoing,3,2
throughout,3,3
opened,3,3
hitting,3,3
debugged,3,3
inshuffle,3,3
creates,3,3
normal,3,3
loading,3,1
meaning,3,3
sanitizers,3,3
suddenly,3,3
hand3,3,3
figured,3,3
invoking,3,3
elements,3,3
hearts ,3,3
two ,3,3
upward,3,3
lost,3,3
relevant,3,3
requires,3,3
conditions,3,3
player ,3,3
player0type,3,2
player1type,3,2
player2type,3,2
player3type,3,2
winningpoints,3,1
atoiargv3,3,3
shufflenoshuffle,3,3
points_to_win,3,3
unsigned,3,2
knowing,3,3
normally,3,3
passeschichih,3,1
passesdabbala,3,1
passesadi,3,1
indicating,3,2
becomes,3,3
hello i,3,3
playerget_name,3,2
entered,3,2
mess,3,3
taitelee,3,3
longer,3,3
nevermind,3,3
exists,3,3
cardss,3,2
kinda,3,3
failures,3,3
invocation,3,3
expect,3,3
granted,3,3
resolution,3,3
email,3,3
unpin,3,3
stuff,3,3
indicates,3,3
print_hand,3,3
facing,3,3
steps,3,3
session,3,3
figuring,3,3
calls,3,3
contain,3,3
safe,3,3
fourth,3,2
incorrectly,3,2
lrsierra,3,3
suit ,3,3
mutation,3,3
copies,3,3
invalid,3,2
v,3,3
ledcard,3,3
apparently,3,3
automatically,3,3
control,3,3
stub,3,3
couts,3,3
immediately,3,3
easier,3,3
switch,3,3
determine,3,3
decides,3,3
that ,3,3
is ,3,3
comments,3,3
assign,3,3
scenarios,3,3
pack1,3,1
pack2,3,3
guess,3,3
much ,3,3
determined,3,3
complete,3,3
mentioned,3,3
although,3,3
bobadd_cardcardnine,3,2
greater,3,3
consideration,3,3
piece,3,1
shot,3,2
valuable,3,3
decided,3,2
assignment,3,2
regardless,3,3
avoid,3,3
functions ,3,3
insertion,3,2
starting,3,3
kept,3,3
itll,3,3
correctly ,3,3
libraries,3,3
general,3,3
position,3,3
people,3,3
asking,3,3
euchre_test00out,3,3
stdsorthandbegin,3,2
four,3,3
playersi,3,2
operatorstdostream,3,3
code1,3,3
string_to_rankconst,3,2
side,3,3
holds,3,2
remaining,3,3
assert_equal,3,3
getter,3,2
setter,3,2
faq,3,3
func,3,3
throws,3,3
downloaded,3,3
shall,3,2
detected,3,3
desired,3,3
literal,3,3
thus,3,3
indexing,3,3
expose,3,2
definition,3,3
qsort,3,3
ordered_up,3,2
euchre_test50outcorrect,3,3
thtalan,3,3
overloading,3,3
rejected,3,3
suggestion,3,3
subtypes,3,2
showed,3,3
symbol,3,3
player_public_testsexe,3,3
viable,3,2
__last,3,1
stdsortconst,3,1
wiki,3,2
card_testscpp,3,3
perform,3,3
static_castsuits,3,3
representation,3,3
pack_testscpp,3,3
deal_one,3,2
unit,3,3
squiggles,3,3
includepath,3,3
redefinition,3,3
enters,3,1
static,3,3
cardscpp,3,3
neither,3,3
operatorconst,3,3
cardless,3,3
strongest,3,1
github,3,3
rank_names,3,3
character,3,1
ssh,3,2
key,3,1
for ,2,2
is_trump,2,2
is_face_or_ace,2,2
overview,2,2
recording,2,2
learn,2,2
welcome,2,2
press,2,2
visible,2,2
free,2,2
alter,2,2
important,2,2
intentionally,2,2
worry,2,2
youll,2,2
action,2,2
minmax,2,2
functor,2,2
produce,2,2
february,2,2
hosting,2,2
chance,2,1
pm,2,2
est,2,2
groups,2,2
bring,2,2
forward,2,2
wrong ,2,2
regrade,2,1
outputted,2,2
presumably,2,2
small,2,2
grade,2,2
euchre_test22,2,1
reflect,2,1
submit ,2,2
realize,2,2
queue,2,2
graded,2,2
caused,2,2
replaced,2,2
refer,2,2
report,2,2
summary,2,2
sizep3,2,1
concerned,2,2
behaviors,2,2
opposite,2,2
spot,2,2
terms,2,2
1st,2,2
debugging ,2,2
__n,2,2
thissize,2,2
ubuntu,2,2
infinite,2,2
yes,2,2
paste,2,2
worked ,2,2
anywhere,2,2
differ,2,1
editing,2,2
counted,2,2
whichever,2,2
resolving,2,2
teammate,2,2
clean,2,2
mention,2,2
gthaxton,2,2
ranking,2,2
multiple,2,2
pyc,2,2
underlining,2,2
std__1allocatorplayer,2,2
play_hand,2,2
leader,2,2
wins,2,2
points ,2,2
test_pack_empty,2,2
detects,2,2
frustrating,2,2
per,2,2
accidentally,2,2
button,2,2
late,2,2
help ,2,2
test_card_less_self,2,2
rewriting,2,2
affect,2,2
care,2,2
encountering,2,2
alex,2,2
cstring,2,2
entirely,2,2
debugger ,2,2
info,2,2
sorts,2,2
accounts,2,2
supported,2,2
operands,2,2
machine,2,2
photo,2,2
premade,2,2
adjusted,2,2
lose,2,2
short,2,2
initially,2,2
secondly,2,2
share,2,2
test00,2,2
topic,2,2
extremely,2,2
tries,2,2
receives,2,2
index ,2,2
formatted,2,2
happy,2,2
pre,2,2
gpu,2,2
died,2,2
temporary,2,2
into ,2,2
messed,2,1
incorrect ,2,2
upcardget_suit,2,2
word,2,2
focus,2,2
patience,2,2
noticing,2,2
register,2,2
log,2,2
plans,2,2
concern,2,2
frame,2,2
half,2,2
prep,2,2
cut,2,2
turning,2,1
ice,2,2
storm,2,2
planning,2,2
thoroughly,2,2
unclear,2,2
handle,2,2
erroneous,2,1
direct,2,2
examples,2,2
beforehand,2,2
diffchecker,2,2
conclusion,2,2
specify,2,2
notice,2,2
night,2,2
infinitely,2,1
pc,2,2
zero,2,2
outcome,2,2
scores,2,2
alright,2,2
close,2,2
typing,2,2
make_trumpupcard,2,1
order_up,2,2
diamond ,2,2
picks,2,2
decide,2,2
choosing,2,2
live,2,2
outputting,2,2
edsgers,2,2
larger,2,2
met,2,2
depending,2,2
regards,2,2
infile,2,2
namespace,2,2
mainint,2,2
mix_or_not,2,1
pack_filename,2,2
name1,2,2
type1,2,2
name2,2,2
type2,2,2
name3,2,2
type3,2,2
name4,2,2
argv3,2,2
thinks,2,2
unit_test_framework,2,2
unable,2,2
be ,2,2
replace,2,2
simpleplayers,2,2
erroring,2,2
get_trumpstrump,2,1
trumps0,2,1
non,2,2
treated,2,2
publicmk75,2,2
playerwarningchecks,2,2
honestly,2,2
andor,2,2
removal,2,1
repeatedly,2,2
images,2,2
amount,2,2
suspect,2,2
managed,2,2
p2,2,2
tonight,2,2
content,2,2
manually,2,2
is_led,2,1
temp1,2,2
temp2,2,2
temp1x,2,2
cardsx,2,2
temp2a,2,2
cardsa,2,2
temp1s,2,2
temp2s,2,2
finnward,2,2
handi,2,2
sudden,2,2
spend,2,2
compiled,2,2
kill,2,1
popping,2,2
spanning,2,1
something ,2,2
sunday,2,1
operation,2,2
courses,2,2
timeline,2,1
limited,2,2
beyond,2,2
somewhat,2,2
execute,2,2
utilize,2,2
rmes,2,2
expression,2,2
check ,2,2
fill,2,2
blurred,2,1
suggests,2,2
erased,2,2
handerasehandbegin,2,2
indexremove,2,2
falling,2,2
maximum,2,2
real,2,2
purposes,2,2
perfect,2,2
brain,2,2
werent,2,2
describes,2,1
originally,2,2
players0,2,2
snippet,2,2
snake,2,1
state,2,2
reaches,2,2
negative,2,2
umid,2,2
laura,2,2
cardjack,2,2
considers,2,2
sound,2,2
consistently,2,2
stays,2,2
dereferencing,2,2
group,2,2
attempted,2,2
std__1allocatorchar,2,1
_main,2,1
packpack,2,2
away,2,2
seemed,2,2
leave,2,2
p3euchre,2,2
response,2,2
life,2,2
0x6080000004a0,2,1
player0,2,2
initializations,2,2
player_public_testexe,2,2
endlines,2,1
obvious,2,2
pack_public_testexe,2,2
came,2,2
test_01,2,2
number ,2,1
loop ,2,1
handindexget_suit,2,2
handindexis_trumptrump,2,1
handindex,2,2
indextempcard,2,1
back ,2,2
saving,2,2
takentrump,2,2
playersatiget_name,2,1
console,2,2
theoretically,2,2
bobs,2,2
face_or_ace,2,2
addition,2,2
faster,2,2
numbers,2,2
inaccessible,2,2
gotten,2,2
packs,2,2
stringargv2,2,2
stringargv5,2,2
stringargv7,2,2
stringargv9,2,2
stringargv11,2,2
21st,2,2
constructor ,2,2
aware,2,2
places,2,2
teams,2,2
playersat1,2,2
downcasted,2,2
reports,2,2
pic2,2,2
playersfyi,2,2
playerssize,2,2
bobadd_cardcardace,2,2
bobadd_cardcardjack,2,1
enough,2,2
begins,2,2
theyre,2,2
reviewing,2,2
present,2,2
reasonable,2,2
sorry,2,2
mode,2,2
deleted,2,2
judge,2,1
global,2,1
constexpr,2,2
similarly,2,2
force,2,2
conceptual,2,2
become,2,2
comparison,2,2
revealed,2,2
unit_test_frameworkh,2,2
assigning,2,2
copycards,2,2
humans,2,2
love,2,2
initializes,2,2
proper,2,2
full,2,2
instruction,2,2
ifdef,2,2
dealerleader,2,1
fixes,2,2
thatd,2,2
declarations,2,2
bigger,2,2
lecture,2,2
notes,2,2
leadplay,2,2
assertifsis_open,2,2
hit,2,2
chekaren,2,2
sharing,2,2
_nmsize_type,2,2
ofstream,2,1
cover,2,2
hope,2,2
weekend,2,2
sets,2,2
ended,2,2
plus,2,2
address0x0,2,2
ready,2,2
resetting,2,2
completed,2,2
knew,2,2
aces,2,2
ks,2,2
nd,2,1
ts,2,2
player1,2,2
hadnt,2,2
plz,2,2
impossible,2,2
forgot,2,2
feels,2,1
thoughts,2,2
becasue,2,1
conceptually,2,2
getline,2,2
defenders,2,2
states,2,2
runtime,2,2
unknown,2,2
temporarily,2,2
afterwards,2,2
attachment,2,2
mind,2,2
player_testsexe,2,2
criteria,2,2
meet,2,2
edits,2,2
cppdbg ,2,2
dynamic,2,2
struct,2,2
username,2,2
knowledge,2,2
breakpoints,2,2
headers,2,2
same ,2,2
suggested,2,2
string_to_rankstr,2,2
euchre ,2,2
nh,2,1
talking,2,2
lectures,2,1
parts,2,2
resulted,2,2
qualifiers,2,2
compatible,2,2
portion,2,2
design,2,2
assert_equaloss2str,2,1
tired,2,2
alone,2,2
orderup,2,2
regular,2,1
card_tests,2,2
passn ,2,1
decision ,2,1
false ,2,1
bestcard ,2,1
simplemake_trump,2,2
hides,2,2
discards,2,2
pile,2,2
manual,2,2
quick,2,2
choice,2,2
sides,2,2
iss,2,2
directory ,2,2
table,2,2
keyword,2,2
subclasses,2,2
pack_public_testscpp,2,2
popped,2,2
cardswap_tp,2,2
__tuple_leaf_ip,2,2
cardvoid,2,1
_hp,2,1
_ep,2,1
__y ,2,1
_dp,2,1
cardh737,2,1
implicit,2,1
split,2,2
get_rank,2,2
overload,2,2
initialization,2,2
round ,2,2
missed,2,2
dervied,2,1
select,2,1
clause,2,2
construction,2,2
undeclared,2,2
identifier,2,2
allowedcc322,2,1
playercpp250,2,1
playercpp254,2,1
outside,2,2
declaring,2,2
mean ,2,2
nontrump,2,2
translation,2,2
ai,2,1
add_and,2,2
_discard,2,2
card_testsexe,2,2
front,2,2
qa,2,2
verify,2,2
boblead_cardspades,2,1
faceace,2,1
next0,2,2
simpler,2,2
x86_64 ,2,2
x86_64clang,2,2
constructed,2,1
static_cast,2,2
ostream,2,2
left_bower_lead,2,2
cardqueen,2,1
queen_spades,2,2
seg,2,1
assert_equaltrump,2,1
ryslee,2,2
possibility,2,2
forced,2,1
invoke,2,1
swap,2,2
bget_rank,2,1
aget_rank,2,2
riffle,2,1
requirements,2,2
or ,2,2
increment,2,2
nonmember,2,2
interested,2,2
ivanpkumichedu,2,2
 does,2,2
build,2,2
copyjack,2,1
stronger,2,2
paths,2,2
conjecture,2,1
assertrank,2,1
rank_in,2,1
zoom,2,2
git,2,1
vice,1,1
versa,1,1
classification,1,1
is_right_bower,1,1
is_left_bower,1,1
publiceecs280,1,1
clicking,1,1
a1,1,1
a2,1,1
afternoon,1,1
a3,1,1
youtube,1,1
toolbar,1,1
options,1,1
enable,1,1
custom,1,1
icon,1,1
investigating,1,1
classs,1,1
helpers,1,1
applies,1,1
specially,1,1
interfaces,1,1
insert,1,1
illegal,1,1
accordance,1,1
modifies,1,1
simplewhat,1,1
httpseecs280staffgithubionotes10_polymorphismhtmlabstractclassesandinterfaces,1,1
detailed,1,1
description,1,1
inherit,1,1
functionality,1,1
cardpackplayer,1,1
versus,1,1
hyped,1,1
world,1,1
famous,1,1
onceinasemester,1,1
social,1,1
gettogether,1,1
enjoy,1,1
fun,1,1
event,1,1
mason,1,1
hall,1,1
rundown,1,1
breaking,1,1
2pm,1,1
located,1,1
herehttpsdocsgooglecompresentationd129p1puhsy4ea9n4ag0cjlpc3teowegawlj6e03vkhqwedituspsharing,1,1
grading ,1,1
requests,1,1
closed ,1,1
haasf ,1,1
white,1,1
high,1,1
versions,1,1
insignificant,1,1
unfair,1,1
loose,1,1
significantly,1,1
eecs280,1,1
presented,1,1
grades,1,1
extensions,1,1
sooner,1,1
admin,1,1
save,1,1
compilers,1,1
producing,1,1
resulting,1,1
rushing,1,1
727pm,1,1
uniqnames,1,1
chenww,1,1
nwweaver,1,1
have one,1,1
heartswhy,1,1
frans,1,1
likewise,1,1
resultantly,1,1
ultimately,1,1
upcoming,1,1
intended ,1,1
publicmk123,1,1
stylecheckprereqs,1,1
checks  ,1,1
noanalytics,1,1
ruledeepnestedblock,1,1
rcnested_block_depth4,1,1
maxpriority1,1,1
maxpriority2,1,1
maxpriority3,1,1
xc,1,1
totalfiles4,1,1
fileswithviolations1,1,1
p10,1,1
p20,1,1
p32,1,1
homeautograderworking_dirplayercpp10439,1,1
homeautograderworking_dirplayercpp17561,1,1
httpoclintorg,1,1
v013,1,1
deepnestingpng,1,1
euchre_test,1,1
detect,1,1
sanitizers ,1,1
subject,1,1
rrishi,1,1
theses,1,1
spots,1,1
thisscreen_shot_20230310_at_11322_pmpng,1,1
screen_shot_20230310_at_11940_pmpng,1,1
zramzan,1,1
anythings,1,1
interpret,1,1
almost,1,1
main ,1,1
 vector_m_range_check,1,1
caught,1,1
attaching,1,1
packwarningchecks,1,1
screenshot_20230310_at_111943_ampng,1,1
flagged,1,1
euchreexemake,1,1
directorymake,1,1
makefile50,1,1
factory ,1,1
const ,1,1
entirety,1,1
sabrinx ,1,1
xcode ,1,1
noncommenting,1,1
lines ,1,1
modelled,1,1
extent,1,1
publicly,1,1
prior,1,1
mederand,1,1
judeas,1,1
keywords,1,1
blank,1,1
euchrecpp227,1,1
euchrecpp227 ,1,1
divyabp,1,1
edsgernine,1,1
frannine,1,1
gabrielqueen,1,1
herbedsger,1,1
column,1,1
highlights,1,1
screen_shot_20230309_at_85808_pmpng,1,1
mapat,1,1
 key,1,1
foundzsh,1,1
 player_testsexe,1,1
appear,1,1
window,1,1
smoothly,1,1
idential,1,1
attach,1,1
whiletrue,1,1
umich,1,1
player_test,1,1
gsi,1,1
moreover,1,1
std__1ifstream,1,1
std__1string,1,1
dealer1,1,1
iterated,1,1
align,1,1
awarded,1,1
unanswered,1,1
liammcc,1,1
moved,1,1
shorten,1,1
calendar,1,1
minute,1,1
bunched,1,1
pressed,1,1
connected,1,1
assumed,1,1
broken,1,1
function virtual,1,1
layers,1,1
essential,1,1
layer,1,1
yuyaoh,1,1
playercpps,1,1
autograders,1,1
circled,1,1
depends,1,1
numbering,1,1
sequence,1,1
player2,1,1
player3,1,1
puts,1,1
player3 ,1,1
explains,1,1
case01,1,1
old,1,1
resolved ,1,1
remade,1,1
savedthank,1,1
arm64,1,1
listed,1,1
rechecked,1,1
leaking,1,1
ways,1,1
httpspiazzacomclasslbnv6k5pd0y6bzpost2672,1,1
string_to_suit ,1,1
__pthread_kill,1,1
graceoj,1,1
makefile,1,1
stdlogic_error ,1,1
 basic_string_m_construct,1,1
validaborted,1,1
concluded,1,1
pinpoint,1,1
the correct,1,1
configured,1,1
get_suit ,1,1
asserts,1,1
nabeelsz,1,1
rathalye,1,1
ddl,1,1
closing,1,1
doubt,1,1
soon,1,1
playercpp2813,1,1
dabbala ,1,1
dabbalas,1,1
lies,1,1
trick ,1,1
technically,1,1
discrepency,1,1
hurts,1,1
prompt,1,1
gone,1,1
strange,1,1
seperate,1,1
serious,1,1
m1,1,1
chip,1,1
talk,1,1
debuggers,1,1
work ,1,1
future ,1,1
out ,1,1
prob,1,1
screenshot_20230305_at_13717_ampng,1,1
io,1,1
screenshot_20230305_at_13910_ampng,1,1
persists,1,1
worsens,1,1
draws,1,1
moves,1,1
diagram,1,1
indices,1,1
devices,1,1
everywhere,1,1
relating,1,1
improperly,1,1
lania,1,1
screen_shot_20230304_at_43159_pmpng,1,1
beccafuu,1,1
reposted,1,1
sees,1,1
stdui,1,1
skip,1,1
lobster0,1,1
luckily,1,1
permission,1,1
pushback,1,1
playersat0get_name,1,1
resizecpp,1,1
argvvalue,1,1
argc4,1,1
reddit,1,1
stack,1,1
overflow,1,1
chat,1,1
gpt,1,1
happening ,1,1
arguments ,1,1
behaves,1,1
weirdly,1,1
advance ,1,1
faced,1,1
manages,1,1
autograderio,1,1
extending,1,1
intent,1,1
adequate,1,1
act,1,1
critical,1,1
exam,1,1
studying,1,1
outage,1,1
disruptive,1,1
flexibility,1,1
consistent,1,1
site,1,1
6th,1,1
accamodate,1,1
dropsleadsplays,1,1
dropsplaysleads,1,1
reconfigure,1,1
quickly,1,1
informed,1,1
solely,1,1
repairs,1,1
considerably,1,1
revealing,1,1
overlooked,1,1
accounted,1,1
predicted,1,1
unexpected,1,1
difficulties,1,1
light,1,1
overlap,1,1
p3s,1,1
anticipated,1,1
approaches,1,1
instructors ,1,1
euchre00,1,1
yay,1,1
massive,1,1
hypothesiss,1,1
halves ,1,1
w,1,1
incrementing,1,1
respond,1,1
24card,1,1
deck for,1,1
technique,1,1
length,1,1
decks,1,1
complies,1,1
helps ,1,1
slept,1,1
woke,1,1
ctrlz,1,1
popup,1,1
leaks,1,1
kick,1,1
appreciatedthis,1,1
adjust,1,1
soloed,1,1
finishing,1,1
leadcard,1,1
updated ,1,1
game ,1,1
formats,1,1
screen_shot_20230228_at_44806_ampng,1,1
screen_shot_20230228_at_45601_ampng,1,1
screen_shot_20230228_at_122322_ampng,1,1
screen_shot_20230228_at_122354_ampng,1,1
screen_shot_20230228_at_122406_ampng,1,1
onwards,1,1
about ,1,1
invoked,1,1
pack2in,1,1
consisting,1,1
waste,1,1
recover,1,1
resides,1,1
screen_shot_20230227_at_60610_pmpng,1,1
definitely,1,1
sample,1,1
occurred,1,1
beat,1,1
bulleted,1,1
actuality,1,1
uid,1,1
1d9f47bfc76643019cfbf037641defe1,1,1
cstdlib,1,1
fstream,1,1
player0name,1,1
argv4,1,1
player1name,1,1
argv6,1,1
player2name,1,1
argv8,1,1
player3name,1,1
argv10,1,1
argv5,1,1
argv7,1,1
argv9,1,1
argv11,1,1
ifmix_or_not,1,1
type4,1,1
infileopenfilename,1,1
ifinfileopen,1,1
deck_of_cardsinfile,1,1
argv0,1,1
usersfullnamelibrarydeveloperxcodederiveddatap3euchrecmgovlfayafwoxcioeaubdsqziqfbuildproductsdebugp3euchre,1,1
unnecessary,1,1
relocated,1,1
recommended,1,1
euchretest01,1,1
errrors,1,1
resubmitted,1,1
massage,1,1
selfwritten,1,1
catching,1,1
so ,1,1
screen_shot_20230226_at_72535_pmpng,1,1
screen_shot_20230226_at_72549_pmpng,1,1
euchre_test_00in,1,1
anymore,1,1
debug ,1,1
warning,1,1
browser,1,1
websites,1,1
network,1,1
passesbarbara,1,1
fifth,1,1
nsanchet,1,1
duplicated,1,1
upcards,1,1
theirs ,1,1
reread,1,1
filled,1,1
dictionary,1,1
atm,1,1
finnward ,1,1
vectorplayer,1,1
name ,1,1
things ,1,1
advise,1,1
turnedup,1,1
 do,1,1
expects,1,1
trump i,1,1
rewritten,1,1
appreciatedhere,1,1
asserthandsize,1,1
cards_of_lead_suit,1,1
ifled_cardget_suittrump,1,1
iftrumpssize,1,1
trumpstrumpssize,1,1
thru,1,1
forauto,1,1
ifcget_suittrump,1,1
led_cardget_suittrump,1,1
ifcis_left_bowertrump,1,1
trumpspush_backc,1,1
cards_of_lead_suitpush_backc,1,1
ifcards_of_lead_suitsize,1,1
0if,1,1
sortcards_of_lead_suitbegin,1,1
cards_of_lead_suitend,1,1
cards_of_lead_suitcards_of_lead_suitsize1,1,1
non_trumps,1,1
get_non_trumpstrump,1,1
ifnon_trumpssize,1,1
non_trumps0,1,1
playercpp2,1,1
playerh2131,1,1
cc1plus,1,1
warnings,1,1
addresses,1,1
sigabrt,1,1
commend,1,1
exits,1,1
screen_shot_20230224_at_31839_pmpng,1,1
screen_shot_20230224_at_32437_pmpng,1,1
but i,1,1
meansscreen_shot_20230224_at_90821_am,1,1
type4end,1,1
unmatched,1,1
gwenxuan,1,1
newexpression,1,1
plays jack,1,1
stemming,1,1
amazing,1,1
like ,1,1
experiencing,1,1
violating,1,1
device,1,1
rulers,1,1
exceed,1,1
project ,1,1
ruins,1,1
misread,1,1
logically,1,1
commands,1,1
insargv,1,1
individually,1,1
cardss1,1,1
ifelse,1,1
max_card,1,1
awhile,1,1
euchrewarningchecks,1,1
dyld4loaderfindandrunallinitializersdyld4runtimestate,1,1
segment,1,1
clubs from,1,1
test im,1,1
impacting,1,1
ability,1,1
diligently,1,1
diagnose,1,1
reliable,1,1
significant,1,1
deadlines,1,1
unreliable,1,1
daysunavailable,1,1
maintenance,1,1
mon,1,1
31available,1,1
thu,1,1
32final,1,1
sun,1,1
travel,1,1
encourage,1,1
unfortunately,1,1
support,1,1
everyones,1,1
shortterm,1,1
medical,1,1
emergency,1,1
additional,1,1
replies,1,1
reply,1,1
announcement,1,1
ouput,1,1
middle,1,1
discernable,1,1
notified,1,1
biggest,1,1
stump,1,1
forgive,1,1
derive,1,1
hardcode,1,1
implementation ,1,1
does ,1,1
distinguish,1,1
indicate,1,1
miniquestion,1,1
gsiprofessorspeers,1,1
worktheir,1,1
sole,1,1
playersipush_backplayer_factorynamestrategy,1,1
gameplayers,1,1
cc153,1,1
hiim,1,1
roundin,1,1
truethanks,1,1
moment,1,1
prining,1,1
pointerstoplayer,1,1
 for,1,1
broke,1,1
tesrs,1,1
screen_shot_20230223_at_121947_ampng,1,1
playercppeuchrecpp,1,1
playercpp ,1,1
tough,1,1
outputpoint,1,1
pitfalls,1,1
giovanna,1,1
celi,1,1
piper,1,1
blum,1,1
program ,1,1
simulating,1,1
theory,1,1
hwsand,1,1
racked,1,1
overall ,1,1
ascending,1,1
pattern,1,1
grateful,1,1
attacker,1,1
reasoning,1,1
screen_shot_20230222_at_84120_pmpng,1,1
cassert,1,1
players1,1,1
printed ,1,1
thanks  ,1,1
brewer,1,1
corresponds,1,1
push_back,1,1
camel,1,1
ints,1,1
yall,1,1
connection,1,1
pauses,1,1
hypothetically,1,1
simultaneously,1,1
announcing,1,1
stdvectorplayer,1,1
traversing,1,1
ad,1,1
reference ,1,1
please ,1,1
danng,1,1
swarida,1,1
please thanks ,1,1
exiting,1,1
aborting,1,1
screen_shot_20230222_at_125344_pmpng,1,1
screenshot_20230222_at_52256_pmpngscreenshot_20230222_at_52309_pmpng,1,1
shots,1,1
responses,1,1
directing,1,1
screen_shot_20230222_at_51646_pmpng,1,1
screen_shot_20230222_at_51712_pmpng,1,1
screen_shot_20230222_at_51728_pmpng,1,1
appreciatedtesttest_player_play_card2,1,1
player_factorylaura,1,1
simple ,1,1
lauraadd_cardcardnine,1,1
lauraadd_cardcardjack,1,1
lauraadd_cardcardqueen,1,1
lauraadd_cardcardking,1,1
lauraadd_cardcardace,1,1
ten_diamondsten,1,1
card_played2,1,1
lauraplay_card ,1,1
ten_diamonds,1,1
led ,1,1
assert_equalcard_played2,1,1
remains,1,1
way ,1,1
dumb,1,1
 my,1,1
games,1,1
input ,1,1
locate,1,1
ledsuit,1,1
screen_shot_20230222_at_31102_pm,1,1
talked,1,1
relized,1,1
operating,1,1
adapt,1,1
resubmitting,1,1
unaware,1,1
daily,1,1
wasting,1,1
multiples,1,1
euchre_test05,1,1
recommendation,1,1
arm64 ,1,1
player_factorystd__1basic_stringchar,1,1
std__1basic_stringchar,1,1
card_lesscard,1,1
packreset,1,1
packdeal_one,1,1
gamedealpack,1,1
packpackstd__1basic_istreamchar,1,1
gamegamepack,1,1
gamemake_trumpplayer,1,1
gameplay_handplayer,1,1
euchre7c34bbold,1,1
arm64clang,1,1
rectify,1,1
sc,1,1
screenshot_20230222_at_125902_pmpng,1,1
privately,1,1
provides,1,1
initializer,1,1
tests ,1,1
froze,1,1
reloaded,1,1
slow,1,1
processed,1,1
choice ,1,1
relate,1,1
credits,1,1
string_to_ranks,1,1
johannt,1,1
redirecting,1,1
file we,1,1
discovered,1,1
public_test,1,1
publiccpp,1,1
get_suittrump,1,1
usagenot,1,1
164error,1,1
addresssanitizer,1,1
heapuseafterfree,1,1
0x555f4b773132,1,1
bp,1,1
0x7ffd95c28660,1,1
sp,1,1
0x7ffd95c28650,1,1
t0,1,1
offer,1,1
euchre_01,1,1
hand0,1,1
zoned,1,1
jerogan,1,1
gamegame,1,1
listcc289,1,1
euchrecpp153,1,1
18 argument,1,1
tho,1,1
playersnewindexi,1,1
stayed,1,1
another ,1,1
technical,1,1
formatting,1,1
misunderstanding,1,1
references,1,1
huge,1,1
phase,1,1
chosen,1,1
displays,1,1
relatively,1,1
trivial,1,1
displayed,1,1
gabrielnine,1,1
herbjack,1,1
edsgerten,1,1
franedsger,1,1
hand0 ,1,1
largest,1,1
then  ,1,1
index_of_hand,1,1
led_suit ,1,1
 if,1,1
 index_card,1,1
handsizeindex,1,1
handindexis_left_bowertrump,1,1
suit_nexthandindexget_suit ,1,1
tempcardis_trumptrump ,1,1
card_lesstempcard,1,1
tempcardis_trumptrump,1,1
card_lesstempcardhandindexled_cardtrump ,1,1
led_suit  ,1,1
operatorhandindextempcard,1,1
there ,1,1
forms,1,1
pushes,1,1
tempcardis_left_bowertrump,1,1
suit_nexttempcardget_suit,1,1
index_card ,1,1
tempcard ,1,1
printtaketrump,1,1
trumpsuit,1,1
interesting,1,1
progress,1,1
screenshot_20230221_at_105158_pmpng,1,1
screenshot_20230221_at_105235_pmpng,1,1
permanent,1,1
max,1,1
retain,1,1
and the,1,1
loads,1,1
minutes,1,1
rulebreaking,1,1
inputs ,1,1
recieving,1,1
next ,1,1
cursor,1,1
bebugger,1,1
silly,1,1
judia,1,1
judias,1,1
test50outcorrect,1,1
hand306,1,1
points307,1,1
marched,1,1
scoring,1,1
file_name,1,1
stdbasic_istream_chart,1,1
_traitsbasic_istream,1,1
_chartchar,1,1
_traitsstdchar_traitschar,1,1
usrincludec9istream,1,1
test_00,1,1
k,1,1
strcmpargv2,1,1
naturally,1,1
texts,1,1
cardetc,1,1
endless,1,1
grey,1,1
dots,1,1
fault this,1,1
ctor,1,1
parametersvariables,1,1
haasf,1,1
core,1,1
testassertion,1,1
 assertfalse,1,1
constructing,1,1
cardplayer,1,1
lecturer,1,1
nice,1,1
honor,1,1
violation,1,1
indicated,1,1
working ,1,1
bobadd_cardcardten,1,1
resets,1,1
constant,1,1
lauchjson,1,1
contacted,1,1
bonus,1,1
testcases,1,1
evening,1,1
sometime,1,1
deadlinessubmissions,1,1
continued,1,1
dates,1,1
patient,1,1
promise,1,1
arrive,1,1
fair,1,1
protection,1,1
euchretest50,1,1
blocks,1,1
cardcpp121,1,1
therei,1,1
followup,1,1
ago,1,1
holding,1,1
judged,1,1
existingthat,1,1
dead,1,1
evaluate,1,1
presumable,1,1
alternative,1,1
precedent,1,1
test_50,1,1
location ,1,1
incorrectlywhat,1,1
euchre_test01out,1,1
pressing,1,1
minutes ,1,1
doingchanging,1,1
impacts,1,1
ideassimilar,1,1
esttest_player_insertion,1,1
player_factorynotrobot,1,1
ostringstream,1,1
deferring,1,1
22nd,1,1
part ,1,1
ideas ,1,1
stopped,1,1
shuffle ,1,1
original nine,1,1
spadesten,1,1
spadesjack,1,1
spadesqueen,1,1
spadesking,1,1
spadesace,1,1
spadesnine,1,1
heartsten,1,1
heartsjack,1,1
heartsqueen,1,1
heartsking,1,1
heartsace,1,1
heartsnine,1,1
1nine,1,1
2nine,1,1
3queen,1,1
4ace,1,1
5king,1,1
6jack,1,1
7king,1,1
uniqueid,1,1
wrongalso,1,1
highestnum,1,1
heart ,1,1
handsize,1,1
size_t,1,1
size_type,1,1
__string ,1,1
hand10,1,1
pull,1,1
test_main,1,1
recognizing,1,1
xyz,1,1
abc,1,1
construct,1,1
complicated,1,1
named,1,1
exceptions,1,1
mgoodma,1,1
contents,1,1
elegant,1,1
whitepace,1,1
ups,1,1
strict,1,1
backspaced,1,1
accident,1,1
__apple__,1,1
freopenmain_testin,1,1
stdin,1,1
endif,1,1
forifif,1,1
ifforifif,1,1
scoreamount,1,1
summed,1,1
rotate,1,1
pool,1,1
root,1,1
easily,1,1
accessible,1,1
ease,1,1
pain,1,1
allocating ,1,1
called ,1,1
sections,1,1
ta,1,1
visualizing,1,1
polymorphism,1,1
classses,1,1
confuse,1,1
 currently,1,1
human_add,1,1
require,1,1
add_discard,1,1
ifsis_open,1,1
however my,1,1
moreany,1,1
special,1,1
euchre_test01_out,1,1
fout,1,1
shes,1,1
usrincludec11array188,1,1
_nmvalue_type,1,1
_nmoperatorstdarray_tp,1,1
_nm,1,1
_nmreference,1,1
failedaborted,1,1
screenshot_232png,1,1
regardlessi,1,1
overthinking,1,1
honest,1,1
till,1,1
midnight,1,1
9am,1,1
didt,1,1
humanadd_and_discardconst,1,1
card2playercpp26110,1,1
qsort3261,1,1
handend4,1,1
qsort6playercpp27010,1,1
qsort7270,1,1
handend8,1,1
qsort10make,1,1
instructs,1,1
namepoints,1,1
inclusivethe,1,1
noshufflethe,1,1
explicitly,1,1
specified,1,1
screen_shot_20230220_at_102444_ampng,1,1
screen_shot_20230220_at_102555_ampng,1,1
playersiinsert_some_player_function_here,1,1
playesri ,1,1
display,1,1
screen_shot_20230220_at_32123_am,1,1
 suit,1,1
euchre_test50out ,1,1
placeex,1,1
preventing,1,1
functionstheir,1,1
screen_shot_20230219_at_115141_pmpng,1,1
greatest,1,1
screen_shot_20230219_at_114108_pmpng,1,1
dealer_order3get_name,1,1
dealer_order,1,1
connect,1,1
respective,1,1
card_lead,1,1
suspecting,1,1
cancelled,1,1
early,1,1
continues,1,1
somethings,1,1
marks,1,1
cardcpp35,1,1
aborts,1,1
when ,1,1
gsis,1,1
cardqc,1,1
jc,1,1
euchre01realout,1,1
gahyuny,1,1
abided,1,1
disagreed,1,1
docs,1,1
missingmisunderstanding,1,1
autotrader,1,1
idk,1,1
iteration,1,1
playerhand,1,1
instantiated,1,1
downcast,1,1
vectorerase,1,1
bellow,1,1
well ,1,1
modular,1,1
prevent,1,1
outofbound,1,1
var,1,1
alot,1,1
handendbefore,1,1
 solved,1,1
apologies,1,1
elementary,1,1
nine_spades,1,1
diamond_ace,1,1
cardace,1,1
diamonds	,1,1
unwieldly,1,1
elegantparsimonious,1,1
certainly,1,1
literally,1,1
enumerating,1,1
again ,1,1
cadd_cardace_hearts,1,1
cadd_cardking_hearts,1,1
cadd_cardqueen_hearts,1,1
cadd_cardten_hearts,1,1
cadd_cardjack_hearts,1,1
jack_diamonds,1,1
10h,1,1
lb,1,1
context ,1,1
adis,1,1
inserts,1,1
lined,1,1
inserted,1,1
test_pack_default_ctor,1,1
19nine,1,1
28nine,1,1
test_pack_reset,1,1
36nine,1,1
test_pack_shuffle,1,1
cardking,1,1
53king,1,1
encountered,1,1
defenders ,1,1
qualifies,1,1
linked,1,1
screenshot_20230218_at_105027_pmpng,1,1
screenshot_20230218_at_105035_pmpng,1,1
transfers,1,1
pack_in,1,1
def,1,1
hpp,1,1
hierarchy ,1,1
coutplayerstrump_indexget_name,1,1
order_up_suitendl,1,1
annotations,1,1
itscreen_shot_20230218_at_84826_pmpng,1,1
arrow,1,1
chichin,1,1
have1,1,1
together,1,1
hnever,1,1
playercpp822,1,1
implicitly,1,1
describing,1,1
majority,1,1
constructorlines,1,1
vtable,1,1
sheet ,1,1
rydera,1,1
sensethank,1,1
randomly,1,1
chooses,1,1
playertestsexe,1,1
characters,1,1
minor,1,1
pages,1,1
commented,1,1
workspacefoldereuchreexe,1,1
stopatentry,1,1
cwd,1,1
workspacefolder,1,1
externalconsole,1,1
mimode,1,1
allocation,1,1
pawarp,1,1
structs,1,1
traverse,1,1
humansimple,1,1
1n ,1,1
strcmp,1,1
reporting,1,1
latest,1,1
enforcing,1,1
staring,1,1
rewatched,1,1
video,1,1
lorenzoa,1,1
hes,1,1
altered,1,1
cardcpp23814,1,1
union ,1,1
ifsuit_ais_right_bowersuit_a,1,1
union,1,1
remake,1,1
public_tests,1,1
cardget_rank,1,1
cardget_suit,1,1
string_to_suitstr,1,1
described,1,1
practice,1,1
ton,1,1
parsed,1,1
is freopenmain_testin,1,1
stdin this,1,1
_apple_,1,1
 and,1,1
endif i,1,1
 freopen,1,1
three thank,1,1
restore,1,1
translate,1,1
begin,1,1
sos_ryderapdf,1,1
playled,1,1
cardlessksnhkhdiamonds,1,1
abbreviated,1,1
rankunless,1,1
kh,1,1
imagepngredirects3bucketuploadsprefixpaste2fkt04r5j3l2i2t62f11d7475e03abfa969ac874e1558c6ae76ec83141737773ea4ecb10b4c8b4bb162fimagepng,1,1
happeninghow,1,1
nosomeall,1,1
wanna,1,1
unspecified,1,1
argvi,1,1
comparisons,1,1
assistance,1,1
before ,1,1
casesexcluding,1,1
separately,1,1
parse,1,1
config,1,1
counts,1,1
procedures,1,1
backend,1,1
review,1,1
includes,1,1
get_hand_card,1,1
restarted,1,1
newfile,1,1
big,1,1
pasted,1,1
persist,1,1
make_trumpconst,1,1
simple_player,1,1
allocate,1,1
simpleplayerthis,1,1
wrote const,1,1
franplayer,1,1
 pack,1,1
handerase,1,1
highesttrump,1,1
alice,1,1
imagepngredirects3bucketuploadsprefixpaste2fkt04r5j3l2i2t62fcabcc34d0b87ffb1540973c2c184d6efb491c87bcffbbc360bf04a066667dbc22fimagepng,1,1
humanplayermake_trump,1,1
screen_shot_20230216_at_15955_pmpng,1,1
mark,1,1
pasting,1,1
thankss,1,1
trickier,1,1
afraid,1,1
everytime,1,1
missing ,1,1
macos,1,1
quirk,1,1
lindmatt,1,1
slightly,1,1
spelled,1,1
stackbufferoverflow,1,1
executing,1,1
trap,1,1
stumped,1,1
others ,1,1
print_hand ,1,1
upcardget_suit ,1,1
true ,1,1
building,1,1
evidence,1,1
 thank,1,1
playercpp288,1,1
werrorwoverloadedvirtual,1,1
message ,1,1
unused,1,1
euchre_test_out,1,1
achieve,1,1
matters,1,1
elaborate,1,1
confusions,1,1
spade,1,1
necessarily,1,1
add_discard_card,1,1
player_public_tests,1,1
lead_card ,1,1
involve,1,1
testing ,1,1
slide,1,1
lectureit,1,1
triangle,1,1
euchre_test_01,1,1
briefly,1,1
skim,1,1
istringstream,1,1
istringstreams,1,1
iss2,1,1
statement ,1,1
istring,1,1
play_cardcpp,1,1
bots,1,1
thiswhat,1,1
humanplayername,1,1
plan,1,1
mix,1,1
supposing,1,1
player_add_card,1,1
dot,1,1
accessor,1,1
screenshot_20230214_at_62626_pmpng,1,1
calculating,1,1
playersiget_name,1,1
akesteb,1,1
touch,1,1
vector ,1,1
closed,1,1
linking,1,1
highlighted,1,1
librarydevelopercommandlinetoolssdksmacosxsdkusrincludecv1type_traits40011,1,1
requirement,1,1
is_move_assignableconst,1,1
cardvalue,1,1
satisfied,1,1
_noexcept_is_nothrow_move_constructible_tpvalue,1,1
librarydevelopercommandlinetoolssdksmacosxsdkusrincludecv1type_traits40141,1,1
_np,1,1
__a_np,1,1
__b_np,1,1
_noexcept___is_nothrow_swappable_tpvaluelibrarydevelopercommandlinetoolssdksmacosxsdkusrincludecv1utility6291,1,1
pairtypeparameter00,1,1
cardswappair_t1,1,1
pair_t1,1,1
__ylibrarydevelopercommandlinetoolssdksmacosxsdkusrincludecv1tuple1746,1,1
swap__tuple_leaf_ip,1,1
 librarydevelopercommandlinetoolssdksmacosxsdkusrincludecv1tuple9991,1,1
tupletypeparameter00,1,1
cardswaptuple_tp,1,1
__t,1,1
tuple_tp,1,1
__ulibrarydevelopercommandlinetoolssdksmacosxsdkusrincludecv1memory20566,1,1
__compressed_pairtypeparameter00,1,1
swap__compressed_pair_t1,1,1
__compressed_pair_t1,1,1
 librarydevelopercommandlinetoolssdksmacosxsdkusrincludecv1memory25941,1,1
unique_ptrtypeparameter00,1,1
cardswapunique_ptr_tp,1,1
unique_ptr_tp,1,1
_noexcept,1,1
__xswap__ylibrarydevelopercommandlinetoolssdksmacosxsdkusrincludecv1memory42211,1,1
shared_ptrtypeparameter00,1,1
cardswapshared_ptr_tp,1,1
shared_ptr_tp,1,1
_noexceptlibrarydevelopercommandlinetoolssdksmacosxsdkusrincludecv1memory45111,1,1
weak_ptrtypeparameter00,1,1
cardswapweak_ptr_tp,1,1
weak_ptr_tp,1,1
_noexceptlibrarydevelopercommandlinetoolssdksmacosxsdkusrincludecv1functional26081,1,1
functiontypeparameter00,1,1
cardswapfunction_rp_argtypes,1,1
function_rp_argtypes,1,1
_noexceptin,1,1
playercpp2in,1,1
playerh14in,1,1
cardh13in,1,1
librarydevelopercommandlinetoolssdksmacosxsdkusrincludecv1iostream37in,1,1
librarydevelopercommandlinetoolssdksmacosxsdkusrincludecv1ios215in,1,1
librarydevelopercommandlinetoolssdksmacosxsdkusrincludecv1__locale14in,1,1
librarydevelopercommandlinetoolssdksmacosxsdkusrincludecv1string506in,1,1
librarydevelopercommandlinetoolssdksmacosxsdkusrincludecv1string_view175in,1,1
librarydevelopercommandlinetoolssdksmacosxsdkusrincludecv1__string57librarydevelopercommandlinetoolssdksmacosxsdkusrincludecv1algorithm385622,1,1
__j,1,1
_vstdmove__k ,1,1
librarydevelopercommandlinetoolssdksmacosxsdkusrincludecv1algorithm398320,1,1
std__insertion_sort_3std__lesscard,1,1
_vstd__insertion_sort_3_compare__first,1,1
__comp ,1,1
 librarydevelopercommandlinetoolssdksmacosxsdkusrincludecv1algorithm414912,1,1
std__sortstd__lesscard,1,1
_vstd__sort_comp_ref__first,1,1
_comp_ref__comp ,1,1
 librarydevelopercommandlinetoolssdksmacosxsdkusrincludecv1algorithm415712,1,1
std__lesscard,1,1
_vstdsort__first,1,1
__lesstypename,1,1
iterator_traits_randomaccessiteratorvalue_type ,1,1
 librarydevelopercommandlinetoolssdksmacosxsdkusrincludecv1algorithm417312,1,1
_vstdsort__firstbase,1,1
__lastbase ,1,1
 playercpp2265,1,1
handend ,1,1
constclass,1,1
constfatal,1,1
emitted,1,1
stopping,1,1
ferrorlimit20,1,1
generated,1,1
club ,1,1
clubs ,1,1
club,1,1
lcollin,1,1
view,1,1
screenshot_20230214_at_120206_ampng,1,1
screenshot_20230214_at_120231_ampng,1,1
thisrank,1,1
apparent,1,1
erasing,1,1
manipulated,1,1
distinguished,1,1
error no,1,1
using card,1,1
rs,1,1
times ,1,1
implanting,1,1
search,1,1
lastly,1,1
searching,1,1
pack_testcpp,1,1
suggestions  ,1,1
impement,1,1
screenshot_20230213_191309png,1,1
binary,1,1
lefthand,1,1
operand,1,1
acceptable,1,1
conversion ,1,1
dice,1,1
underline,1,1
implemted,1,1
underneath,1,1
playerplayer_factory,1,1
samyerra,1,1
cardrank_in,1,1
suit_in,1,1
accepting,1,1
functionstyle,1,1
believes,1,1
prefix,1,1
picking,1,1
nonderived,1,1
class ,1,1
namefunc,1,1
stupid,1,1
photos,1,1
stared,1,1
override ,1,1
consideration ,1,1
enforce,1,1
reshuffle,1,1
nonshuffle,1,1
subsequent,1,1
underlying,1,1
overall,1,1
desktop,1,1
feb24,1,1
nexts,1,1
mohanraj,1,1
edited,1,1
specifier,1,1
s ,1,1
suittrumpledsuit,1,1
exclusive,1,1
 since,1,1
order_up_suit ,1,1
switchexpression,1,1
populates,1,1
packcards,1,1
appearing,1,1
helpadvice,1,1
factor,1,1
simpleplayersimpleplayer,1,1
arugment,1,1
ae,1,1
sources,1,1
dark,1,1
pack_pulic_testscpp,1,1
pack_public_testsexe,1,1
familiar,1,1
associated,1,1
commenting,1,1
screen_shot_20230212_at_14100_pmpng,1,1
std__1vector_tp,1,1
_allocatorerase,1,1
_tpcard,1,1
_allocatorstd__1allocatorcard,1,1
refers,1,1
post ,1,1
screen_shot_20230212_at_103355_ampng,1,1
complier,1,1
test_same_card,1,1
1176assert_not_equalcard_lesscardnine,1,1
spadesspades,1,1
true11771178player,1,1
new_player155,1,1
player_factorynew_player2,1,1
simple1179new_player155add_cardcardking,1,1
hearts118011811182,1,1
tump1183card,1,1
jack_hearts_165jack,1,1
hearts1184suit,1,1
trump_1651185bool,1,1
orderup_165,1,1
new_player155make_trump1186jack_hearts_165,1,1
upcard1187false,1,1
dealer11881,1,1
round1189trump_165,1,1
any119011911192new_player155add_and_discard1193cardking,1,1
upcard119411951196,1,1
suit1197assert_falseorderup_16511981199120012011202delete,1,1
new_player1551203,1,1
both ,1,1
noted,1,1
bound,1,1
player_factorybob,1,1
bobadd_cardcardqueen,1,1
bobadd_cardcardking,1,1
assert_equallead_card,1,1
cardnineclubs,1,1
player_factorycorrect,1,1
correctadd_cardcardjack,1,1
correctadd_cardcardnine,1,1
correctadd_cardcardqueen,1,1
correctadd_cardcardace,1,1
correctadd_cardcardking,1,1
correctadd_and_discard,1,1
lead_card2,1,1
assert_equallead_card2,1,1
cardninehearts,1,1
assert_equalbob,1,1
defining,1,1
afterward,1,1
 the,1,1
triggers,1,1
conditioned,1,1
c0,1,1
scardssize2,1,1
whilec7,1,1
i0icardssizei,1,1
copyicardsi,1,1
i0isi,1,1
cardsii1copyi,1,1
isicardssizei,1,1
cardsis2copyi,1,1
corretcly,1,1
appears,1,1
rounds,1,1
prompted,1,1
playerfactory,1,1
stubsassert,1,1
screen_shot_20230211_at_62046_pmpng,1,1
accordingly,1,1
combination,1,1
ifelses,1,1
piling,1,1
up ,1,1
brute,1,1
lengthy,1,1
suffice,1,1
anonymous,1,1
gear,1,1
test_player_insertion,1,1
player_public_test5b847bold,1,1
spade ,1,1
suits ,1,1
specification,1,1
deciding,1,1
overriden,1,1
compound,1,1
define and,1,1
asks,1,1
wait,1,1
conversion,1,1
basic_stringchar,1,1
char_traitschar,1,1
allocatorchar,1,1
assert_true,1,1
assert_falsecard_lessc,1,1
temp,1,1
screen_shot_20230211_at_120705_pmpng,1,1
started,1,1
confident,1,1
implementationwise,1,1
assigned,1,1
testtest_when_left_bower_leading_card,1,1
queen_diamonds,1,1
assert_truecard_lessqueen_diamonds,1,1
related,1,1
assertorderup,1,1
assert_falseorderup,1,1
brings,1,1
fault ,1,1
contributing,1,1
pops,1,1
also qualified,1,1
pack_inputgthaxton,1,1
to ,1,1
template ,1,1
leaving,1,1
solved ,1,1
simply,1,1
iterate,1,1
cardsi,1,1
vectorint,1,1
consisted,1,1
dealer ,1,1
spadesclubs,1,1
cards ,1,1
computers,1,1
answers,1,1
difficultly,1,1
9ace,1,1
powerful,1,1
brackets,1,1
card_lessa,1,1
ab,1,1
trumpled,1,1
relatedly,1,1
samecolor,1,1
nonrejected,1,1
assertions,1,1
understood,1,1
set_suit,1,1
set_rank ,1,1
static_castrankrank,1,1
static_castsuitsuit,1,1
converting,1,1
enum ,1,1
threw,1,1
googled,1,1
destructors,1,1
writing ,1,1
pulls,1,1
odd,1,1
decks ,1,1
invariant,1,1
fall,1,1
mainly,1,1
edit ,1,1
branch,1,1
bget_suit,1,1
aget_suit,1,1
representing,1,1
looped,1,1
card_public_testexeundefined,1,1
test_card_insertion,1,1
card_public_testc37fc1o ,1,1
decltypefp,1,1
fp0,1,1
print_helpercardstd__1basic_ostreamchar,1,1
card_public_testc37fc1old,1,1
invocationmake,1,1
circumstances,1,1
whilepack_input,1,1
card1,1,1
card2,1,1
external,1,1
disappears,1,1
pubic,1,1
branches,1,1
josema,1,1
conditional,1,1
inclusion,1,1
 public,1,1
adjusting,1,1
viewable,1,1
steps ,1,1
screen_shot_20230209_at_11932_pmpng,1,1
mentions,1,1
performing,1,1
replacing,1,1
combinations,1,1
behavior ,1,1
cardif,1,1
upcardfor,1,1
screen_shot_20230208_at_112651_pmpng,1,1
assertcount,1,1
ifcount,1,1
maincpp,1,1
recently,1,1
card_public_test,1,1
recent,1,1
executions,1,1
hthese,1,1
despite,1,1
meets,1,1
functionmade ,1,1
pickup,1,1
static_castrankr,1,1
cards0,1,1
cardr,1,1
grading,1,1
trumpupcard,1,1
complicated ,1,1
differently,1,1
saved,1,1
copied,1,1
specifier ,1,1
accessed,1,1
pack_public_testcpp ,1,1
card_iess,1,1
rank_namesrank,1,1
trumpthis,1,1
curly,1,1
braces,1,1
constantly,1,1
warned,1,1
quanlifier,1,1
warn,1,1
increase,1,1
updating ,1,1
destructor,1,1
avail,1,1
cafung,1,1
app,1,1
solo,1,1
test_card_inserstion,1,1
test_card_suit_and_rank,1,1
changedthe,1,1
themgthaxton,1,1
stand,1,1
pack_public_test,1,1
address0x64efb07a0,1,1
wonderful,1,1
 when,1,1
cardcpp39,1,1
 after,1,1
readin,1,1
assertsfalse,1,1
solving,1,1
outlines,1,1
home,1,1
flawed,1,1
background,1,1
belong,1,1
precedence,1,1
compares,1,1
recognize,1,1
at ,1,1
 error,1,1
pack_public_tests,1,1
nonconst,1,1
necessary ,1,1
lol,1,1
misunderstood,1,1
arithmetics,1,1
enumerated,1,1
duplicating,1,1
fillcreate,1,1
arraycard,1,1
cardsduplicate,1,1
cardsduplicate12,1,1
vscode ,1,1
suit_next,1,1
is_left_bower ,1,1
selected,1,1
cc,1,1
simpleplayerhumanplayer,1,1
sanya,1,1
csanya,1,1
restart,1,1
std__1basic_istreamchar,1,1
stdswap,1,1
hold,1,1
overloads,1,1
doesnr,1,1
probolem,1,1
card_lessconst,1,1
situations,1,1
positives ,1,1
trumpjackjack,1,1
copyjackjack,1,1
testx,1,1
assert_truetrumpjack,1,1
testy,1,1
assert_falsetrumpjack,1,1
cardcpp1029,1,1
cardrank_two,1,1
push,1,1
shared,1,1
card_public_testsc,1,1
card_public_testexecardcpp23951,1,1
werrorwinfiniterecursionbool,1,1
generatedmake,1,1
exe,1,1
suggestions ,1,1
effect,1,1
kicks,1,1
ais_trump,1,1
 thanks,1,1
parent,1,1
abtract,1,1
complain,1,1
hits,1,1
statementseven,1,1
efficient,1,1
alg,1,1
tipstricks,1,1
nudges,1,1
toward,1,1
direction ,1,1
ranksuit,1,1
represented,1,1
rank_names0,1,1
rank_names9,1,1
drop,1,1
registered,1,1
iterating,1,1
typed,1,1
the stdistream,1,1
projects,1,1
extraction,1,1
definitions,1,1
suit_names,1,1
nondefault,1,1
iteratin,1,1
crs,1,1
head,1,1
redeclaring,1,1
c ,1,1
difficulty,1,1
initilize,1,1
elemts,1,1
looop,1,1
initilized,1,1
defaul,1,1
fif,1,1
rank_namesr,1,1
literals,1,1
char ,1,1
witha ,1,1
self,1,1
conjectrue,1,1
proves,1,1
trhough,1,1
playercpp by,1,1
derives,1,1
our player abstract,1,1
in playercpp for,1,1
in playerh,1,1
replaces,1,1
swapped,1,1
cardcpp ,1,1
assertsuit,1,1
asserttrue,1,1
canvas,1,1
sake,1,1
assertrank_in,1,1
right ,1,1
season,1,1
89pm,1,1
components,1,1
will not,1,1
teaching,1,1
prepared,1,1
recorded,1,1
eecs280org,1,1
rewatch,1,1
httpsumichzoomusmyclsun,1,1
httpsdocsgooglecompresentationd1udafiiczblirdryapelhabwtt5vcbn0sqgpli0zjr_4editslideidg112d1dd1ff0_0_552,1,1
httpsumichzoomusrecsharecsr_0w_7rw6pgl2vdb4mwknmucckqgfquawtiyxtpa4yhscinvrzlrlxy71rfjtolqsotcv3skakzqt,1,1
screenshot_20230205_at_72657_pmpng,1,1
typespecifier,1,1
cardh ,1,1
excluding,1,1
trumplead,1,1
euchreif,1,1
leadtrump,1,1
eyes,1,1
gamemaybe,1,1
screen_shot_20230205_at_80740_ampng,1,1
somebody,1,1
pageshuffle,1,1
player_public_testcpp,1,1
addressed,1,1
remember,1,1
sign,1,1
starterfilestargz,1,1
instead ,1,1
screen_shot_20230204_at_30517_pmpng,1,1
wording,1,1
colors,1,1
getters,1,1
setters,1,1
qualifier,1,1
place ,1,1
bash,1,1
httpseecs280staffgithubiop3euchrestarterfilestargz,1,1
thhat,1,1
claims,1,1
use ,1,1
github ,1,1
homejack,1,1
tahn,1,1
homejackeecs280p2cv,1,1
ps,1,1
banned,1,1
pushing,1,1
d ,1,1
rankings,1,1
jacks,1,1
bowerlower,1,1
utility,1,1
duplicates,1,1
